,Price,Year,Kilometers_Driven,Transmission,Owner_Type,Seats
0,1.8418466666666697,2014,40929,2,1,4.0
1,3.110166666666665,2013,54493,2,2,5.0
2,7.04665833333334,2017,34000,2,1,7.0
3,2.5495333333333305,2012,139000,2,1,5.0
4,5.974697619047621,2014,29000,2,1,5.0
5,7.619300000000007,2016,85609,2,2,7.0
6,29.093200000000007,2015,59000,1,1,7.0
7,4.158017857142856,2013,65000,2,1,5.0
8,3.844483333333336,2011,66000,2,2,5.0
9,8.496049999999991,2015,54684,2,1,7.0
10,14.733833333333331,2012,78000,1,2,5.0
11,6.968966984126983,2016,21000,2,1,5.0
12,1.697868571428571,2007,90000,2,3,5.0
13,2.3199999999999967,2008,87628,2,1,5.0
14,6.116264169628103,2014,45000,2,1,5.0
15,19.415383333333338,2013,30788,1,1,5.0
16,24.067621428571428,2015,39524,1,1,5.0
17,2.4600000000000004,2009,140000,2,1,5.0
18,14.430300000000015,2019,15409,1,1,5.0
19,3.6799250000000034,2015,36502,2,1,5.0
20,3.1814999999999998,2016,200000,2,1,5.0
21,2.1652841666666673,2010,70000,2,1,5.0
22,11.045666666666666,2017,36701,2,1,5.0
23,16.99940000000001,2009,72000,2,2,5.28454619787408
24,2.739916666666667,2011,40000,2,2,5.0
25,1.1161000000000016,2005,47000,2,2,5.0
26,1.8794000000000033,2006,93500,2,2,5.0
27,6.919139999999991,2015,52000,2,1,5.0
28,16.453333333333333,2015,55429,1,2,5.0
29,3.174499999999997,2011,133000,2,2,5.0
30,6.104061904761907,2014,70000,2,2,5.0
31,5.828999999999997,2014,68000,2,1,5.0
32,2.9800375000000003,2010,71000,2,2,5.0
33,10.336300000000008,2012,121000,2,1,6.0
34,4.141999999999999,2015,107000,2,1,5.0
35,3.961991666666666,2015,51000,2,1,5.0
36,20.66888333333335,2017,13500,1,1,5.0
37,4.295499999999996,2016,13000,2,1,5.0
38,4.94495,2010,81000,2,1,8.0
39,21.10666666666667,2012,66889,1,1,5.0
40,8.176599999999995,2018,32000,2,1,5.0
41,11.329966666666671,2013,87001,1,1,5.0
42,12.9115,2013,55000,1,2,5.0
43,5.995699999999999,2018,4000,2,1,5.0
44,10.719299999999993,2017,27778,2,1,7.0
45,6.554325000000003,2017,5000,2,1,5.0
46,5.5722000000000005,2014,72000,2,1,5.0
47,21.338563095238097,2015,21000,1,1,5.0
48,9.276116666666672,2015,59299,2,1,7.0
49,10.067700000000002,2014,75000,1,1,5.0
50,9.063066666666662,2019,3413,2,1,5.0
51,4.966139285714288,2014,62000,2,1,5.0
52,13.154300000000003,2010,105001,1,1,7.0
53,7.632266666666673,2013,89000,1,1,5.0
54,4.000966666666667,2014,21000,2,1,5.0
55,10.1507,2014,50000,2,1,7.0
56,5.330200000000003,2016,70687,2,1,5.0
57,4.334833333333328,2016,104350,2,1,5.0
58,2.864899999999998,2011,150000,2,2,5.0
59,2.2991166666666696,2008,81000,2,1,5.0
60,2.0866666666666656,2008,89000,2,2,5.0
61,5.610533333333341,2017,35223,2,1,5.0
62,5.4577,2015,48000,2,1,5.0
63,6.559514365079366,2015,60000,2,1,5.0
64,7.668741666666659,2018,7000,2,1,5.0
65,5.941099999999997,2015,47572,2,1,5.0
66,5.4259749999999976,2010,72727,2,2,8.0
67,6.297629047619053,2018,4708,2,1,5.0
68,2.385200000000002,2009,55000,2,2,5.0
69,4.149308333333335,2013,44198,2,2,5.0
70,7.463725000000007,2015,35000,2,1,7.0
71,5.6570333333333345,2013,63831,2,1,5.0
72,8.239650000000005,2017,17540,2,1,5.0
73,27.085394999999963,2017,14000,1,1,5.0
74,1.996828571428571,2007,47000,2,2,5.0
75,1.927399999999999,2010,75422,2,2,5.0
76,2.8366250000000015,2011,67000,2,2,5.0
77,7.731,2013,79999,2,1,8.0
78,6.554325000000003,2017,5044,2,1,5.0
79,6.364499999999998,2016,31601,2,1,5.0
80,18.313698809523807,2014,70000,1,1,5.0
81,41.231399999999994,2016,16000,1,1,5.0
82,6.586304761904765,2016,31700,2,1,5.0
83,4.146300000000005,2014,76969,2,1,5.0
84,28.770699999999998,2015,37000,1,1,5.0
85,19.28703333333335,2014,23000,1,1,5.0
86,5.065866666666663,2014,59098,2,2,5.0
87,2.6900833333333316,2010,142299,2,1,5.0
88,2.37,2011,75731,2,1,5.0
89,4.664400000000001,2017,69627,2,1,5.0
90,3.144500000000002,2011,49000,2,1,5.0
91,31.49760416666667,2015,25700,1,1,5.0
92,4.576642857142852,2012,80800,2,1,5.0
93,3.744499999999998,2013,110896,2,1,5.0
94,2.143499999999998,2009,62261,2,1,5.0
95,3.5429000000000004,2017,27610,2,1,5.0
96,4.3383,2011,89219,2,1,5.0
97,47.4011,2018,6700,1,1,5.0
98,3.4189361111111096,2011,51599,2,1,5.0
99,4.932183333333338,2013,37489,2,1,5.0
100,6.1002833333333255,2016,98000,2,1,5.0
101,2.3034999999999983,2012,25183,2,1,4.0
102,16.838316666666664,2015,52100,1,2,5.0
103,4.95012695221445,2014,60000,2,1,5.0
104,8.322603571428571,2013,51000,2,1,5.0
105,3.2263137301587297,2012,70000,2,1,5.0
106,4.361900000000001,2015,95000,2,1,5.0
107,4.60275880952381,2014,66346,2,1,5.0
108,5.367966666666668,2015,69150,2,1,5.0
109,5.369974999999996,2016,31000,2,1,5.0
110,15.711100000000005,2013,49000,1,2,5.0
111,6.1255000000000015,2014,63058,2,1,5.0
112,19.614100000000008,2016,22000,1,1,5.0
113,7.414000000000002,2015,73026,2,1,5.0
114,16.669,2011,21762,1,2,5.0
115,5.636628571428572,2018,29738,2,1,5.0
116,14.030999999999999,2018,16053,2,1,5.0
117,11.727513333333334,2012,61665,1,1,5.0
118,3.961991666666666,2015,51000,2,1,5.0
119,5.52659166666667,2016,34820,2,1,7.0
120,10.8722,2018,12000,2,1,7.0
121,6.814600000000002,2017,32287,2,1,5.0
122,3.9445000000000046,2012,121134,2,1,5.0
123,12.142399999999993,2015,74485,1,1,5.0
124,6.219650000000001,2011,63000,2,1,5.0
125,25.7661,2018,53190,1,1,5.0
126,34.79000416666664,2016,26900,1,1,7.0
127,16.062367261904775,2015,40000,1,1,5.0
128,7.7545142857142775,2016,40587,2,1,5.0
129,4.944875847763348,2015,27000,2,1,5.0
130,5.819291865079366,2016,29108,2,1,5.0
131,3.3859571428571447,2015,18000,2,1,5.0
132,5.404921212121208,2017,10500,2,1,5.0
133,2.8296666666666668,2009,60000,2,3,5.0
134,11.631607142857149,2011,61000,1,3,5.0
135,6.554325000000003,2017,5000,2,1,5.0
136,26.11866666666666,2018,24001,1,1,5.0
137,2.2166999999999994,2011,76000,2,1,5.0
138,4.619587337662339,2014,56000,2,1,5.0
139,4.905045634920634,2016,30000,2,1,5.0
140,7.4762250000000146,2017,44263,2,1,5.0
141,6.388299999999999,2011,97899,2,1,5.0
142,2.9852999999999987,2011,157301,2,2,5.0
143,1.0480000000000014,2008,135000,2,1,5.0
144,5.722881547619048,2016,35000,2,2,5.0
145,2.950700000000002,2009,106000,2,1,5.0
146,3.937999999999999,2016,121590,2,1,5.0
147,3.875090596903095,2012,64692,2,1,5.0
148,1.5747999999999982,2010,41000,2,1,5.0
149,12.087412499999989,2018,25143,1,1,5.0
150,3.4793999999999983,2011,51000,2,1,5.0
151,1.014399999999999,2005,109000,2,2,5.0
152,5.6184416666666595,2015,69062,2,1,5.0
153,15.869984538239528,2015,34386,1,1,5.0
154,4.978167261904762,2016,20185,2,1,5.0
155,4.486449999999999,2013,41585,2,1,5.0
156,3.658,2011,24000,2,1,5.0
157,21.847399999999997,2016,40000,1,1,5.0
158,7.882866666666668,2012,37000,1,1,5.0
159,5.588899999999996,2015,67630,2,1,5.0
160,23.854515873015867,2016,24192,1,1,5.0
161,7.325800000000003,2017,32248,2,1,5.0
162,3.6171333333333346,2013,28000,2,1,8.0
163,35.83829999999998,2018,36471,1,1,5.0
164,11.827800000000003,2015,69689,2,1,7.0
165,20.975,2015,69095,1,1,7.0
166,2.052088636363638,2010,46000,2,1,5.0
167,7.692233333333332,2008,65000,1,3,5.0
168,3.375166666666667,2015,119258,2,1,5.0
169,48.00491666666663,2015,38339,1,1,5.0
170,2.7577251587301572,2012,59503,2,1,5.0
171,2.206024999999998,2010,93600,2,3,5.0
172,3.311491666666662,2011,58865,2,1,5.0
173,4.078826631701626,2012,64631,2,1,5.0
174,2.1130999999999993,2007,124298,2,2,5.0
175,1.167000000000001,2003,50000,2,2,5.0
176,3.780137788600288,2013,40001,2,1,5.0
177,6.007125000000003,2015,62659,2,1,5.0
178,5.107899999999994,2014,68138,2,1,5.0
179,18.122267142857137,2014,34000,1,1,5.0
180,4.742,2013,67000,2,1,5.0
181,11.828500000000002,2015,64141,2,1,7.0
182,6.842310555555555,2019,1000,2,1,5.0
183,13.904125,2013,42000,1,1,5.0
184,2.468199999999998,2009,76677,2,3,5.0
185,13.024500000000007,2013,66848,1,1,5.0
186,2.1839999999999997,2007,78000,2,1,5.0
187,3.4171000000000027,2010,111166,2,1,5.0
188,1.8390000000000029,2007,76000,2,1,5.0
189,15.485300000000006,2012,94049,1,1,5.0
190,25.616300000000003,2014,47000,1,1,5.0
191,1.169499999999999,2006,140000,2,2,5.0
192,2.6344000000000016,2015,20047,2,1,4.0
193,13.580700000000018,2017,16000,1,1,5.0
194,3.0789999999999997,2012,27000,2,1,5.0
195,6.350642857142857,2018,1001,2,1,5.0
196,3.0430000000000006,2010,89312,2,1,5.0
197,0.7923333333333333,1996,65000,2,2,5.0
198,2.736816666666667,2012,93000,2,2,5.0
199,3.8412124999999975,2013,48000,2,1,5.0
200,5.333191547619049,2014,64917,2,1,5.0
201,11.034600000000001,2017,19678,2,1,5.0
202,18.462100000000017,2014,12000,1,1,5.0
203,25.282099999999982,2014,41309,1,1,5.0
204,17.538209523809513,2018,25038,1,1,5.0
205,7.305468333333336,2016,68673,2,1,5.0
206,47.31109999999998,2018,26343,1,1,5.0
207,2.699899999999999,2005,81245,2,4,8.0
208,7.120195833333329,2012,62100,2,1,5.0
209,4.119099999999999,2013,104000,2,1,5.0
210,14.97,2014,114831,1,1,5.0
211,2.052088636363638,2010,46000,2,1,5.0
212,6.035900000000005,2014,80000,2,1,5.0
213,4.528299999999993,2016,9201,2,1,5.0
214,3.649414285714288,2013,55311,2,1,5.0
215,9.802249999999997,2015,58217,2,1,7.0
216,11.978400000000008,2013,70655,2,1,7.0
217,6.50506666666667,2015,46000,2,1,5.0
218,5.319499999999993,2014,125000,2,1,5.0
219,5.312758333333332,2014,59000,2,1,5.0
220,10.223400000000003,2013,66000,1,2,5.0
221,3.577699999999999,2009,82242,2,1,5.0
222,7.855399999999988,2012,107281,2,1,8.0
223,7.344999999999999,2015,196000,2,2,10.0
224,13.923999999999992,2015,75000,1,1,5.0
225,2.895999999999998,2011,11791,2,1,5.0
226,3.6679742857142874,2013,46000,2,1,5.0
227,2.9565083333333324,2011,81000,2,2,5.0
228,5.599250000000001,2015,46950,2,1,5.0
229,9.869899999999985,2017,18000,2,1,5.0
230,11.409500000000001,2016,95942,2,1,7.0
231,7.4138,2016,42925,2,1,5.0
232,5.008133333333326,2014,33750,2,1,5.0
233,36.770599999999995,2016,14000,1,1,4.0
234,8.652650000000005,2015,29000,2,1,5.0
235,9.613900000000003,2015,67365,2,1,7.0
236,7.0502999999999965,2014,67791,2,1,7.0
237,8.517954761904761,2016,20000,2,1,6.0
238,3.0619999999999994,2011,90198,2,2,5.0
239,3.220433333333329,2010,77000,2,1,5.0
240,5.501033333333328,2017,42520,2,1,5.0
241,3.0540000000000003,2009,87829,2,1,5.0
242,21.974666666666675,2017,21701,1,1,5.0
243,2.686499999999999,2008,86033,2,1,5.0
244,4.510110714285713,2015,25000,2,1,5.0
245,3.2245088095238064,2011,45000,2,1,5.0
246,6.971499999999999,2018,22987,2,1,5.0
247,2.491683333333336,2009,48725,2,1,5.0
248,3.393249999999999,2013,42500,2,1,5.0
249,26.92387619047619,2014,35000,1,1,5.0
250,5.7428775,2014,56000,2,2,5.0
251,4.6947,2014,10000,2,1,5.0
252,1.871166666666668,2010,15669,2,1,5.0
253,27.73778333333335,2016,55331,1,1,5.0
254,5.94543593073593,2015,44535,2,1,5.0
255,10.787399999999993,2012,74000,2,1,7.0
256,7.568133333333337,2014,77901,2,1,7.0
257,2.5450999999999966,2010,58186,2,1,5.0
258,2.345699999999997,2010,30000,2,1,5.0
259,3.5219288095238106,2012,90000,2,1,5.0
260,24.219949999999994,2018,14730,1,1,5.0
261,5.739674783549781,2013,40000,2,2,5.0
262,1.9450552380952386,2007,88107,2,2,5.0
263,2.850858333333331,2012,53226,2,2,5.0
264,4.303949999999994,2013,76000,2,1,5.0
265,4.8130000000000015,2008,200000,2,2,8.0
266,23.671066666666643,2013,73000,1,1,5.0
267,2.5183999999999993,2009,77200,2,2,5.0
268,16.2268,2012,67000,1,2,5.0
269,4.330499999999999,2005,150000,2,2,10.0
270,7.957500000000005,2009,145278,2,2,8.0
271,4.881599999999994,2015,62083,2,1,5.0
272,2.7595999999999963,2010,61696,2,1,5.0
273,7.831050000000001,2017,28000,2,1,5.0
274,17.980530000000005,2013,50142,1,1,5.0
275,14.401283333333332,2014,45000,1,1,5.0
276,4.514700000000003,2014,97513,2,1,5.0
277,20.429785714285718,2011,55000,1,2,5.0
278,0.68365,2004,82000,2,2,4.0
279,4.770399999999998,2013,71501,2,1,5.0
280,9.548300000000001,2017,23000,2,1,7.0
281,10.646700000000008,2015,66095,1,1,5.0
282,8.611599999999992,2014,49500,2,1,7.0
283,3.2240999999999995,2009,90000,2,1,5.0
284,9.102600000000004,2017,25384,2,1,5.0
285,6.6004000000000005,2016,27529,2,2,5.0
286,4.11965119047619,2012,69297,2,1,5.0
287,2.230609999999999,2009,66000,2,1,5.0
288,3.990233333333336,2012,20000,2,1,5.0
289,13.79439999999999,2015,67000,1,1,7.0
290,5.732049999999999,2015,36933,2,1,5.0
291,5.985000000000003,2007,194000,2,1,8.0
292,6.840500000000003,2013,42200,2,1,7.0
293,36.014766666666695,2015,53093,1,2,7.0
294,3.455033333333333,2012,88000,2,3,5.0
295,5.059399999999998,2017,42954,2,1,5.0
296,3.8475,2015,106000,2,1,5.0
297,25.145199999999985,2015,41700,1,1,5.0
298,9.740599999999993,2018,34464,1,1,5.0
299,1.9301333333333335,2010,15000,2,1,5.0
300,2.6254466666666683,2010,70000,2,2,5.0
301,10.856900000000003,2017,119256,2,1,7.0
302,3.5497583333333362,2011,50036,2,1,5.0
303,10.533314285714294,2013,58000,2,1,7.0
304,2.7489628968253976,2011,75000,2,1,5.0
305,4.085399999999999,2013,53313,2,1,5.0
306,13.645700000000001,2015,73000,2,1,8.0
307,4.229642857142857,2013,83989,2,1,5.0
308,6.392799999999999,2015,86247,2,1,5.0
309,11.341233333333335,2016,24000,2,1,8.0
310,17.597975000000005,2010,58000,1,1,5.0
311,6.035833333333337,2015,33000,2,1,5.0
312,3.927700000000005,2005,100000,1,1,5.0
313,10.864599999999996,2017,65896,2,1,7.0
314,3.9199999999999977,2016,120000,2,1,5.0
315,3.8790000000000004,2013,26000,2,1,5.0
316,4.531041666666668,2012,62300,2,2,5.0
317,4.579240476190474,2012,77801,2,1,5.0
318,20.348999999999993,2015,42000,1,1,5.0
319,17.0162,2013,35000,1,2,5.0
320,6.834139880952377,2016,30134,2,1,5.0
321,2.893153333333334,2012,79038,2,1,5.0
322,9.755299999999993,2009,80000,1,2,5.0
323,5.787999999999999,2012,75000,2,1,7.0
324,2.872588888888888,2010,80000,2,1,5.0
325,12.883133333333335,2014,84419,1,1,5.0
326,3.062195079365079,2013,70200,2,1,5.0
327,2.7956000000000047,2013,98000,2,2,5.0
328,4.397499999999995,2016,131503,2,1,5.0
329,5.820092857142857,2011,54652,2,1,5.0
330,1.9155500000000014,2010,92000,2,2,5.0
331,2.0680807142857147,2010,44287,2,1,5.0
332,7.2414999999999985,2015,205000,2,1,7.0
333,5.4577,2015,48000,2,1,5.0
334,7.547627380952385,2016,18000,2,1,6.0
335,10.834666666666669,2008,31200,1,2,5.0
336,2.737874523809525,2009,72000,2,1,5.0
337,2.7251516666666658,2009,85000,2,1,5.0
338,2.8229999999999986,2010,27000,2,1,5.0
339,9.072400000000002,2012,126000,2,1,7.0
340,11.275633333333326,2017,50000,2,1,5.0
341,4.550800000000003,2013,58811,2,2,5.0
342,4.574766666666667,2013,52196,2,1,5.0
343,10.814872619047616,2017,45105,2,1,5.0
344,4.142166666666667,2015,25160,2,2,5.0
345,9.869899999999985,2017,18000,2,1,5.0
346,2.047099999999999,2007,74000,2,1,5.0
347,5.019700000000005,2009,67700,2,1,7.0
348,19.706699999999998,2015,61062,1,1,5.0
349,10.16499999999999,2016,105000,2,1,7.0
350,4.404999999999996,2013,155550,2,1,5.0
351,6.906699999999993,2016,66000,2,1,5.0
352,2.9152750000000003,2012,93884,2,2,5.0
353,2.673099999999999,2009,200000,2,1,5.0
354,6.518400000000006,2016,57200,2,1,5.0
355,4.499999999999997,2013,93568,2,1,5.0
356,4.64395,2014,54000,2,1,5.0
357,25.432899999999982,2016,40571,1,1,5.0
358,22.265900000000006,2015,59000,1,1,5.0
359,50.71519999999995,2017,17273,1,1,5.0
360,12.480900000000002,2011,100077,1,2,7.0
361,11.228900000000003,2011,39934,1,1,5.0
362,7.279733333333338,2016,46000,2,1,5.0
363,5.923874999999998,2016,30842,2,1,5.0
364,3.584899999999997,2005,65000,1,2,5.0
365,11.845150000000006,2016,70000,2,1,7.0
366,11.3495,2011,150152,2,2,7.0
367,8.786500000000004,2009,67038,1,1,5.0
368,2.7119999999999993,2011,43985,2,1,5.0
369,32.8003,2014,58598,1,1,4.0
370,4.398788095238096,2016,100000,2,1,5.0
371,9.433645000000002,2016,35000,1,1,5.0
372,4.172999999999998,2008,84500,2,1,5.0
373,8.5299,2018,18006,2,1,5.0
374,2.384500000000005,2013,99000,2,1,5.0
375,4.178700000000007,2014,51200,2,1,5.0
376,29.701499999999996,2014,130000,1,1,7.0
377,55.40328115079365,2017,25000,1,1,5.0
378,6.7755000000000045,2017,32352,2,1,5.0
379,3.1182999999999996,2011,20000,2,1,5.0
380,24.205466666666666,2013,46000,1,2,5.0
381,9.661199999999996,2018,12500,1,1,5.0
382,3.0284999999999997,2011,53138,2,3,8.0
383,4.728,2013,170000,2,2,5.0
384,3.655883333333337,2012,38583,2,1,5.0
385,14.980457142857155,2016,26000,1,1,5.0
386,6.199299999999997,2017,22865,2,1,5.0
387,3.7217211475207783,2013,45000,2,1,5.0
388,6.308000000000002,2017,62889,2,1,5.0
389,4.959999999999997,2013,153000,2,1,5.0
390,6.886399999999997,2016,67000,2,1,5.0
391,10.503791666666677,2014,39000,1,1,5.0
392,1.3397999999999994,2006,164000,2,2,5.0
393,10.196300000000019,2018,57178,2,1,5.0
394,13.687720364357864,2013,40000,1,1,5.0
395,1.1724666666666659,2007,40000,2,1,5.0
396,1.7009685714285712,2007,89564,2,3,5.0
397,6.808600000000002,2012,66727,2,1,7.0
398,33.88439999999997,2013,75000,1,2,5.0
399,21.245449999999988,2017,31056,1,1,5.0
400,3.0452500000000016,2011,61000,2,1,5.0
401,10.593250000000005,2016,34782,1,1,5.0
402,2.605200000000002,2012,31736,2,1,5.0
403,5.18704781746032,2014,75000,2,1,5.0
404,5.150399999999998,2014,15000,2,1,6.0
405,6.821699999999992,2016,38503,2,1,5.0
406,12.05289999999999,2017,45353,2,1,7.0
407,18.635294047619045,2015,30000,1,1,5.0
408,2.795833333333334,2011,69470,2,2,5.0
409,6.647349999999999,2008,63288,1,1,5.0
410,6.959048717948724,2017,25087,2,1,5.0
411,8.7984,2015,134000,2,1,7.0
412,7.322450000000004,2015,54955,1,3,5.0
413,7.831050000000001,2017,28000,2,1,5.0
414,4.888171049783554,2015,45250,2,1,5.0
415,19.288700000000002,2012,89190,1,2,7.0
416,7.2706999999999935,2017,48184,2,1,5.0
417,4.059200000000007,2015,42125,2,1,5.0
418,18.8013,2017,47052,1,1,5.0
419,2.8366250000000015,2011,67000,2,2,5.0
420,2.337987142857143,2011,43189,2,1,5.0
421,3.892416666666666,2015,174889,2,1,5.0
422,1.2505999999999993,2004,72135,2,1,5.0
423,10.292400000000013,2017,17660,2,1,5.0
424,10.156033333333335,2009,120000,1,1,5.0
425,2.3942999999999968,2010,29629,2,1,5.0
426,6.4151583333333315,2016,69564,2,1,5.0
427,36.221730555555524,2017,34848,1,1,5.0
428,6.192599999999998,2013,61000,2,1,8.0
429,17.243299999999998,2015,21000,2,1,7.0
430,27.916176190476172,2015,27912,1,1,5.0
431,3.523900000000003,2013,62909,2,1,5.0
432,10.610683333333325,2018,33140,2,1,5.0
433,10.067700000000002,2014,75000,1,1,5.0
434,7.789183333333334,2017,25571,2,1,5.0
435,1.5422999999999996,2002,120000,2,4,5.0
436,5.826100000000001,2016,12020,2,1,7.0
437,7.8663499999999935,2014,36665,1,1,5.0
438,25.159333333333347,2018,41502,1,1,7.0
439,14.043300000000004,2011,130000,1,1,5.0
440,5.454924999999996,2017,51000,2,1,5.0
441,4.8900000000000015,2008,103000,2,2,5.0
442,17.833966666666665,2012,70000,1,1,5.0
443,2.0771500000000005,2010,56239,2,2,5.0
444,21.847399999999997,2016,40000,1,1,5.0
445,11.286866666666661,2018,19964,1,1,5.0
446,8.81410000000001,2012,72246,2,1,7.0
447,6.8243249999999955,2018,15000,2,1,5.0
448,5.287199999999996,2016,14000,2,4,4.0
449,6.104799999999994,2016,22764,2,1,5.0
450,14.381271428571432,2012,65000,1,1,5.0
451,8.787100000000002,2016,45000,2,1,7.0
452,10.059743333333337,2017,32090,1,1,5.0
453,7.3696666666666735,2014,83000,2,1,7.0
454,10.516149999999993,2011,70000,1,1,5.0
455,6.008600000000006,2013,68000,2,1,7.0
456,3.2186499999999993,2012,105000,2,1,5.0
457,1.5096600000000024,2006,88000,2,1,5.0
458,2.6527999999999965,2007,93000,1,2,5.0
459,4.935900000000003,2014,107000,2,1,5.0
460,10.082299999999993,2011,141844,2,1,7.0
461,24.869333333333334,2015,32469,1,1,5.0
462,12.32183333333332,2015,56318,2,1,7.0
463,32.92870000000003,2017,26002,1,1,4.0
464,5.024400000000005,2014,83000,2,1,5.0
465,2.267888888888888,2010,80000,2,2,5.0
466,3.907799999999998,2016,56474,2,2,5.0
467,23.091323809523807,2012,26000,1,2,5.0
468,9.655400000000016,2009,49000,1,2,5.0
469,6.695999999999999,2010,64132,1,2,5.0
470,8.390950000000007,2016,41810,2,1,5.0
471,22.422809523809523,2013,60000,1,1,5.0
472,19.63040000000001,2016,22177,1,1,5.0
473,3.8729000000000027,2014,100000,2,1,5.0
474,13.325800000000001,2012,75000,1,1,5.0
475,3.195549007936508,2011,68000,2,1,5.0
476,7.563899999999993,2016,43518,2,1,7.0
477,8.167300000000003,2012,39100,1,1,5.0
478,3.156008333333331,2011,58000,2,1,5.0
479,3.0922666666666685,2010,52000,2,1,5.0
480,13.509500000000001,2014,80000,1,1,5.0
481,2.010100000000003,2006,96000,2,2,5.0
482,4.627349999999998,2010,63000,1,1,5.0
483,31.01844007936508,2014,50000,1,1,5.0
484,3.9209999999999945,2014,15322,2,1,5.0
485,3.8885499999999977,2012,47000,2,1,5.0
486,2.2166999999999994,2011,76041,2,1,5.0
487,2.3106999999999998,2009,46000,2,1,5.0
488,8.196499999999997,2013,160000,2,2,7.0
489,4.000975000000001,2015,17000,2,2,5.0
490,4.619587337662339,2014,56000,2,1,5.0
491,2.749499999999998,2005,35000,2,1,5.0
492,11.026166666666661,2015,54278,2,1,7.0
493,5.026106428571431,2015,39000,2,1,5.0
494,13.687720364357864,2013,40000,1,1,5.0
495,6.6968000000000005,2013,41000,1,1,5.0
496,14.006899999999998,2011,30342,1,1,5.0
497,2.4590000000000005,2008,88000,2,2,5.0
498,7.212599999999998,2018,9000,2,1,5.0
499,2.1652841666666673,2010,70000,2,1,5.0
500,3.8204161976911974,2011,46279,2,1,5.0
501,3.844333333333333,2016,105000,2,2,5.0
502,2.612999999999997,2011,130000,2,1,5.0
503,6.283887142857145,2017,30000,2,1,5.0
504,3.0136666666666696,2013,54000,2,1,5.0
505,3.256899999999998,2010,65000,2,1,5.0
506,2.1652841666666673,2010,70000,2,1,5.0
507,9.236900000000011,2015,46000,1,1,5.0
508,1.7854166666666667,2007,113000,2,1,5.0
509,7.145533333333333,2016,67310,2,1,5.0
510,19.849099999999993,2019,1015,1,1,5.0
511,2.9356666666666666,2011,83035,2,2,5.0
512,9.894799999999993,2015,36983,2,1,7.0
513,2.0774999999999983,2010,76000,2,3,5.0
514,13.370791666666657,2019,14148,1,1,5.0
515,4.443550000000002,2011,71428,2,1,5.0
516,5.915738095238089,2015,10500,2,2,5.0
517,11.3709,2010,58997,1,1,5.0
518,4.448466666666669,2015,39842,2,1,5.0
519,3.444199999999999,2015,47490,2,1,4.0
520,2.645950238095238,2009,45000,2,1,5.0
521,2.868080952380952,2011,80000,2,1,5.0
522,3.6667099999999975,2012,56600,2,1,5.28454619787408
523,5.7406773809523814,2015,55409,2,1,5.0
524,3.9903000000000044,2009,77000,1,1,5.0
525,11.665149999999999,2012,58000,1,2,5.28454619787408
526,5.120224999999993,2016,59491,2,1,5.0
527,2.8331999999999984,2007,51000,2,1,7.0
528,6.151440000000007,2017,18725,2,1,5.0
529,13.426300000000001,2009,92000,1,1,5.0
530,4.8578,2013,61450,2,1,5.0
531,5.4728876190476194,2016,18592,2,1,5.0
532,8.38800000000001,2013,65137,2,2,7.0
533,2.8991666666666664,2011,83000,2,2,5.0
534,12.60736666666667,2013,37000,1,1,5.0
535,26.668051666666653,2017,14052,1,1,7.0
536,3.0741916666666635,2011,45086,2,1,5.0
537,6.934499999999998,2016,25400,2,2,5.0
538,6.182500000000005,2008,194500,2,1,8.0
539,14.999300000000012,2014,89000,2,1,8.0
540,3.966553391053391,2012,50000,2,1,5.0
541,12.512199999999998,2012,76551,1,1,5.0
542,6.664300000000001,2017,9700,2,1,5.0
543,6.017349841269842,2013,58000,2,1,5.0
544,4.738483333333337,2013,46000,2,2,5.0
545,7.857000000000007,2014,72017,2,1,5.0
546,4.049335476190474,2015,54407,2,1,5.0
547,7.987299999999997,2012,147000,2,1,8.0
548,22.113499999999995,2015,61000,1,1,5.0
549,11.169876190476188,2016,18856,1,1,5.0
550,8.6512,2011,76000,1,1,4.0
551,10.271700000000015,2017,17700,2,1,5.0
552,5.613500000000007,2014,82267,2,1,5.0
553,30.07932499999999,2018,27041,1,1,5.0
554,5.479733333333336,2014,63000,2,2,5.0
555,1.8823000000000016,2008,61000,2,1,5.0
556,12.053300000000005,2018,28466,2,1,7.0
557,1.3231000000000008,2002,80000,2,1,5.0
558,4.291146428571424,2013,35373,2,1,5.0
559,9.843800000000002,2014,51000,2,1,7.0
560,15.999400000000001,2013,49000,1,1,5.0
561,7.377773809523811,2015,41000,2,1,5.0
562,5.350516666666668,2011,82831,2,2,7.0
563,3.0922666666666685,2010,52000,2,1,5.0
564,4.4765666666666695,2015,39736,2,1,5.0
565,3.7147833333333375,2014,26500,2,1,5.0
566,1.5261999999999991,2010,40000,2,1,5.0
567,11.565800000000001,2019,5752,2,1,5.0
568,5.750699999999999,2015,54000,2,2,5.0
569,4.919515952380952,2014,54841,2,1,5.0
570,5.016666666666659,2014,34000,2,1,5.0
571,3.715899999999999,2012,16000,2,1,5.0
572,1.7645499999999996,2009,134000,2,1,5.0
573,25.98859761904761,2017,24000,1,1,5.0
574,5.941299999999997,2013,60000,2,1,8.0
575,5.151249999999997,2015,58469,2,1,5.0
576,2.834100000000001,2011,110000,2,2,5.0
577,22.47960000000001,2018,21127,1,1,5.0
578,7.5526,2013,56000,2,1,8.0
579,10.609600000000007,2014,101000,2,1,8.0
580,9.570907142857147,2018,13664,2,1,5.0
581,4.567817142857145,2014,65371,2,1,5.0
582,6.641800000000002,2014,70428,2,1,5.0
583,3.4430333333333345,2012,69010,2,1,5.0
584,4.964550000000005,2017,68000,2,1,5.0
585,3.9262018253968267,2012,45000,2,1,5.0
586,5.001699999999996,2017,55945,2,1,5.0
587,3.062195079365079,2013,70000,2,1,5.0
588,9.256499999999996,2014,12000,2,1,5.0
589,49.77740000000008,2019,10660,1,1,5.0
590,5.604294318181818,2012,52052,2,1,5.0
591,51.88719666666666,2012,62940,1,2,5.0
592,2.850383333333334,2012,102000,2,1,5.0
593,2.884009403929404,2012,60000,2,1,5.0
594,9.986088333333342,2013,66000,1,1,5.0
595,3.0239999999999996,2012,41000,2,1,5.0
596,3.325300000000001,2005,135000,1,3,5.0
597,9.242166666666668,2012,72000,1,1,5.0
598,21.06315000000001,2014,55000,1,1,5.0
599,5.952799999999996,2016,37354,2,1,5.0
600,28.740291774891777,2016,21000,1,1,5.0
601,11.595300000000007,2015,66508,1,1,5.0
602,22.537000000000003,2013,88000,1,1,7.0
603,6.7094999999999985,2012,52000,2,1,7.0
604,26.9228,2017,41372,1,1,5.0
605,21.7331,2017,50000,1,2,5.0
606,3.8886064213564215,2012,72000,2,1,5.0
607,4.1364666666666645,2013,51637,2,1,5.0
608,2.4213166666666694,2009,48233,2,1,5.0
609,4.553774999999998,2016,58000,2,2,5.0
610,23.698749999999976,2015,44550,1,1,5.0
611,4.094526302292478,2013,60001,2,1,5.0
612,29.913199999999993,2014,150000,1,1,7.0
613,7.261980000000002,2015,33000,1,1,5.0
614,5.619666666666667,2016,27000,2,1,5.28454619787408
615,5.860925000000002,2015,62766,2,1,5.0
616,2.255799999999997,2010,73575,2,1,5.0
617,5.10483,2015,63000,2,1,5.0
618,19.753000000000014,2017,27270,1,1,7.0
619,16.316200000000002,2016,41737,1,1,5.0
620,33.351899999999986,2018,28358,1,1,5.0
621,2.8582499999999995,2012,75500,2,2,5.0
622,3.833633333333334,2016,9900,2,1,5.0
623,3.2107023809523825,2014,17000,2,1,5.0
624,11.163900000000003,2009,150000,1,2,5.28454619787408
625,5.9812,2015,68178,2,1,5.0
626,3.0154166666666673,2009,52008,2,1,5.0
627,4.303949999999994,2013,76000,2,1,5.0
628,21.040805357142855,2015,48222,1,1,5.0
629,4.398788095238096,2016,100000,2,1,5.0
630,3.7111000000000045,2010,68000,2,1,5.0
631,35.15984166666667,2015,76115,1,1,7.0
632,4.813457738095237,2015,36009,2,1,5.28454619787408
633,21.2275,2013,142000,1,1,7.0
634,10.516149999999993,2011,70000,1,1,5.0
635,5.0603666666666705,2016,34224,2,1,5.0
636,18.49575,2012,50000,1,2,5.0
637,14.120799999999996,2015,30000,2,1,7.0
638,5.857516666666666,2018,22000,2,1,5.0
639,7.112000000000002,2017,4000,2,1,5.0
640,6.1880625,2014,22230,2,1,7.0
641,5.9315666666666615,2011,46000,1,1,5.0
642,7.587466666666672,2013,88700,1,1,5.0
643,6.159205714285714,2015,56000,2,1,5.0
644,12.883133333333335,2014,84004,1,1,5.0
645,36.24193333333336,2015,16000,1,1,5.0
646,6.231000000000005,2015,85009,2,2,7.0
647,6.062,2014,86000,2,1,5.0
648,7.498100000000009,2015,93442,2,1,7.0
649,11.824716666666667,2015,65000,2,1,8.0
650,4.742,2013,67000,2,1,5.0
651,5.6001,2014,31513,2,1,5.0
652,6.943399999999994,2017,75724,2,1,5.0
653,5.187675476190477,2013,69000,2,1,5.0
654,3.256899999999998,2010,65000,2,1,5.0
655,31.440840476190488,2017,27000,1,1,5.0
656,5.205726388888888,2014,56049,2,1,5.0
657,4.97808392857143,2012,96987,2,1,5.0
658,14.955240000000014,2010,65000,2,3,5.28454619787408
659,2.8084000000000016,2010,69000,2,1,5.0
660,3.9277333333333364,2015,33500,2,1,5.0
661,7.774499999999998,2012,93000,2,1,8.0
662,16.762425000000007,2013,64000,1,1,5.0
663,6.127099999999998,2017,48045,2,1,5.0
664,7.703099999999999,2009,94000,2,1,6.0
665,3.4386312301587294,2011,60000,2,1,5.0
666,8.702300000000006,2010,115000,2,2,5.28454619787408
667,8.837000000000009,2011,56000,1,1,5.0
668,5.275949999999999,2012,98472,2,1,5.0
669,6.230071428571431,2016,37800,2,1,5.0
670,10.751449999999993,2016,63617,2,1,5.0
671,3.195549007936508,2011,68000,2,1,5.0
672,7.2391553391053405,2017,11282,2,1,5.0
673,4.626970238095238,2013,75000,2,1,5.0
674,17.103650000000002,2014,78984,1,1,5.0
675,30.27149999999999,2016,71000,1,1,5.0
676,5.891700000000007,2014,43814,2,1,5.0
677,3.4386312301587294,2011,60000,2,1,5.0
678,3.1768399999999986,2007,85000,2,2,5.0
679,23.537800000000008,2015,65438,1,1,5.0
680,5.394500000000002,2014,28215,2,1,5.0
681,6.962900000000008,2019,15053,2,1,5.0
682,10.352199999999991,2015,38000,2,1,7.0
683,4.9572249999999976,2012,64213,2,1,5.0
684,46.65275892857143,2017,15000,1,1,5.0
685,10.66569642857143,2011,82000,1,1,5.0
686,2.755966666666666,2009,60000,2,2,5.0
687,4.058800000000001,2012,158000,2,1,5.0
688,1.904944999999998,2007,73000,2,1,5.0
689,4.963899999999997,2013,71601,2,1,5.0
690,5.811199999999994,2015,82328,2,1,5.0
691,2.9839333333333333,2011,38000,2,1,5.0
692,3.9290000000000016,2014,85000,2,1,5.0
693,6.2216000000000005,2012,116000,2,1,5.0
694,1.6741892857142833,2008,65000,2,2,5.0
695,8.850044999999993,2018,5600,2,1,5.0
696,41.21306666666667,2012,68000,1,1,7.0
697,3.1039999999999957,2010,29300,2,1,5.0
698,31.377799999999947,2018,23342,1,1,5.0
699,33.443566666666655,2017,41078,1,1,5.0
700,3.4288000000000007,2014,38000,2,1,5.0
701,4.518299999999999,2013,132000,2,2,5.0
702,4.451901435786437,2015,35000,2,1,5.0
703,5.180199007936509,2012,80000,2,1,5.0
704,1.8217166666666653,2009,39408,2,1,5.0
705,4.716999999999994,2015,27525,2,1,5.0
706,6.579249999999993,2018,27000,2,1,5.0
707,4.448599999999994,2015,82799,2,1,5.0
708,6.281477976190476,2017,8000,2,1,5.0
709,34.838899999999995,2014,46000,1,2,7.0
710,3.6208333333333296,2012,98000,2,1,5.0
711,4.212399999999996,2016,47924,2,1,5.0
712,7.724983333333329,2013,39000,1,1,5.0
713,6.710307380952384,2017,33601,2,1,5.0
714,16.367033333333328,2015,85000,1,1,5.0
715,3.534617261904763,2012,54000,2,1,5.0
716,8.211533333333334,2017,35000,2,1,5.0
717,9.728399999999997,2013,80020,2,2,5.0
718,1.2101999999999995,2005,87500,2,2,5.0
719,10.870399999999995,2015,59500,2,1,7.0
720,11.7453,2015,76000,2,1,7.0
721,22.59383333333333,2014,43000,1,2,5.0
722,4.694774999999998,2015,41850,2,1,5.0
723,22.74082333333332,2015,52300,1,1,5.0
724,5.588633333333331,2013,31924,2,1,7.0
725,5.741900000000003,2014,77914,2,1,5.0
726,3.062195079365079,2013,70000,2,1,5.0
727,2.1207999999999974,2010,94385,2,2,5.0
728,3.4441499999999974,2012,57000,2,2,5.0
729,5.578066666666668,2016,27039,2,1,5.0
730,4.980963095238095,2015,11000,2,1,5.0
731,13.538500000000008,2016,57669,1,1,5.0
732,9.4426,2011,124000,2,1,7.0
733,8.156651634199138,2017,29500,2,1,5.0
734,0.7481999999999993,2000,75000,2,1,4.0
735,12.902939523809515,2015,54186,1,1,5.0
736,5.732049999999999,2015,36990,2,1,5.0
737,6.024999999999998,2016,90000,2,1,5.0
738,26.014599999999987,2018,23000,1,1,8.0
739,10.505233333333333,2016,23582,2,2,7.0
740,3.1646666666666663,2009,87000,2,2,5.0
741,6.842310555555555,2019,1000,2,1,5.0
742,5.555699999999997,2015,58634,2,1,5.0
743,5.076199999999997,2013,41377,2,2,5.0
744,6.996599999999998,2015,43000,2,1,5.0
745,6.077100000000005,2015,77372,2,1,5.0
746,1.5054000000000003,2006,49000,2,2,5.0
747,17.8617130952381,2015,48000,1,1,5.0
748,3.0274125000000045,2012,30000,2,1,5.0
749,3.8885499999999977,2012,47000,2,1,5.0
750,30.78329999999996,2016,76681,1,1,5.0
751,12.393400000000002,2010,106565,1,1,5.0
752,12.654100000000001,2011,37492,1,1,5.0
753,3.5266000000000006,2014,72843,2,2,5.0
754,2.6971,2013,55653,2,1,5.0
755,2.9814750000000014,2013,35000,2,1,4.0
756,4.958300000000006,2014,44000,2,1,5.0
757,3.849099999999998,2012,43200,2,1,5.0
758,1.1187000000000005,2005,117000,2,1,5.0
759,29.66789999999999,2016,63961,1,1,7.0
760,38.1232,2015,20000,1,1,4.0
761,7.073400000000004,2016,34000,2,1,5.0
762,4.451901435786437,2015,35000,2,1,5.0
763,5.368999999999995,2013,43000,2,1,5.0
764,2.1013000000000015,2008,63193,2,1,5.0
765,4.2132,2008,110000,2,1,8.0
766,3.253908809523806,2011,44547,2,1,5.0
767,3.8766571428571437,2011,65000,2,1,5.0
768,1.8145499999999977,2012,79000,2,2,5.0
769,6.4147892857142885,2017,33000,2,1,4.0
770,17.27925,2014,108000,1,1,5.0
771,15.3903,2018,21302,2,1,8.0
772,5.921200000000003,2014,82000,2,1,5.0
773,11.733500000000001,2014,173000,2,2,8.0
774,9.434000000000003,2013,72000,2,1,7.0
775,10.1507,2014,50299,2,1,7.0
776,22.060633333333335,2014,60000,1,1,5.0
777,9.530600000000003,2011,112999,2,1,7.0
778,11.450300000000004,2010,183000,2,1,7.0
779,22.965899999999998,2016,58840,1,1,5.0
780,4.773122525391276,2014,58000,2,1,5.0
781,6.630897619047613,2011,78000,2,1,5.0
782,9.4918,2018,34000,2,1,5.0
783,5.486487117604618,2012,54982,2,1,5.0
784,1.6741892857142833,2008,65000,2,2,5.0
785,12.934499999999993,2018,16292,2,1,5.0
786,3.961854761904763,2015,11206,2,1,5.0
787,7.227096428571424,2015,32100,1,1,5.0
788,5.965299999999998,2018,22296,2,2,5.0
789,4.581616666666666,2015,36113,2,1,5.0
790,7.644299999999996,2011,87000,1,2,5.0
791,6.350642857142857,2018,1001,2,1,5.0
792,15.373267261904768,2015,39822,1,1,5.0
793,2.188699999999998,2008,81814,2,1,5.0
794,4.6147632936507925,2016,62000,2,1,5.0
795,6.808200000000003,2017,71000,2,2,5.0
796,45.707900000000066,2019,10452,1,1,5.0
797,4.504400000000007,2018,1520,2,1,5.0
798,5.721971428571436,2013,35315,2,2,5.0
799,6.2128597619047605,2014,91722,2,1,5.0
800,2.805599999999998,2011,35976,2,1,5.0
801,5.465070714285715,2016,22000,2,1,5.0
802,4.938650000000003,2011,71000,1,1,5.0
803,9.265707142857138,2014,25000,2,1,5.0
804,2.42655,2010,54486,2,1,5.0
805,10.231499999999993,2017,18366,1,1,5.0
806,1.871166666666668,2010,16000,2,1,5.0
807,20.711200000000005,2017,31176,1,1,4.0
808,15.232466666666667,2012,88375,1,2,5.0
809,17.163716666666634,2017,34500,1,1,5.0
810,6.525233333333333,2012,80000,2,1,7.0
811,3.6679742857142874,2013,46000,2,1,5.0
812,6.789499999999999,2009,70000,1,3,5.0
813,7.238970833333334,2009,51000,1,1,5.0
814,35.48227619047618,2017,25000,1,1,7.0
815,19.05296011904763,2017,25132,1,1,5.0
816,2.5454115079365076,2011,70000,2,1,5.0
817,7.984833333333342,2015,48913,2,1,5.0
818,5.1230000000000055,2014,63000,2,1,5.0
819,3.865733333333338,2011,90000,2,1,5.0
820,5.318567857142857,2013,55000,2,1,5.0
821,8.322603571428571,2013,51000,2,1,5.0
822,5.590100000000001,2012,35844,2,2,5.0
823,29.0775,2012,14850,1,1,2.0
824,25.36124999999999,2014,98000,1,1,5.0
825,4.409341666666668,2015,17000,2,1,5.0
826,4.951899999999993,2013,42670,2,1,5.0
827,20.291766666666664,2014,33128,1,1,4.0
828,8.03492499999999,2018,7300,2,2,5.0
829,9.895333333333324,2016,53416,2,1,5.0
830,4.998291666666667,2011,47000,2,2,5.0
831,2.0016833333333337,2008,72002,2,2,5.0
832,25.951199999999993,2016,47000,1,1,5.0
833,9.684200000000015,2016,47634,1,1,5.0
834,6.225141666666665,2015,62000,2,1,5.0
835,4.58321888888889,2013,65000,2,2,5.0
836,6.715029761904763,2014,92448,2,1,5.0
837,5.828999999999997,2014,68000,2,1,5.0
838,8.906959999999996,2011,87000,1,1,5.0
839,4.495166666666662,2016,108000,2,1,5.0
840,20.396233333333335,2015,60000,1,1,5.0
841,3.6300999999999934,2011,82000,2,1,5.0
842,3.7817982142857147,2016,26189,2,1,5.0
843,3.8164982142857142,2016,26300,2,1,5.0
844,34.90870000000004,2016,35000,1,1,7.0
845,2.379625,2010,67000,2,1,5.0
846,5.089649999999999,2012,42285,2,1,5.0
847,9.949217857142862,2017,7000,2,1,6.0
848,6.9882928571428575,2016,42000,2,1,5.0
849,6.326342063492068,2015,56967,2,1,5.0
850,47.725500000000004,2019,29566,1,1,5.0
851,4.694774999999998,2015,41836,2,1,5.0
852,10.237100000000003,2018,19764,2,1,7.0
853,1.7645499999999996,2009,134000,2,1,5.0
854,15.36409999999999,2018,8321,2,1,5.0
855,3.9989166666666667,2015,174000,2,1,5.0
856,2.8810000000000002,2002,119613,2,2,10.0
857,6.7415999999999965,2017,21000,2,1,5.0
858,5.947058333333332,2015,55600,2,1,5.0
859,4.362883730158733,2014,61000,2,1,5.0
860,6.311400000000001,2013,38428,2,2,5.0
861,11.235799999999998,2009,95000,1,2,5.28454619787408
862,3.756200000000004,2012,18000,2,1,5.0
863,57.89779999999997,2019,7000,1,1,7.0
864,6.6753,2016,24779,2,1,5.0
865,8.191300000000005,2019,17431,2,1,5.0
866,3.6893000000000007,2008,88000,2,1,8.0
867,4.956366666666662,2015,29347,2,1,5.0
868,4.947033333333326,2015,24000,2,1,5.0
869,17.89849999999999,2016,60249,1,1,5.0
870,6.844164285714284,2017,15000,2,1,5.0
871,7.941599999999991,2018,3013,2,1,5.0
872,4.094526302292478,2013,60000,2,1,5.0
873,7.204900000000001,2013,83503,2,1,7.0
874,2.5792833333333305,2011,69000,2,2,5.0
875,11.366900000000008,2018,54000,2,1,5.0
876,3.846073809523809,2013,49000,2,1,5.0
877,2.9,2013,86000,2,1,5.0
878,2.805366666666667,2010,36000,2,2,5.0
879,9.00677460317459,2018,12899,2,1,5.0
880,9.795699999999988,2016,56839,1,1,5.0
881,3.8885499999999977,2012,46972,2,1,5.0
882,11.31825000000001,2015,96012,2,1,7.0
883,2.882199999999997,2012,59311,2,1,5.28454619787408
884,11.386099999999997,2010,90000,1,3,5.0
885,4.798940000000004,2016,32835,2,1,5.0
886,17.904199999999996,2017,60739,1,1,5.0
887,34.37090000000001,2017,19476,1,1,4.0
888,6.844164285714284,2017,15000,2,1,5.0
889,16.491840000000003,2011,53000,1,1,5.0
890,7.64785833333333,2016,20000,2,2,5.0
891,7.827399999999999,2008,67000,1,1,5.0
892,9.056000000000001,2009,140000,2,2,7.0
893,18.426333333333336,2011,25000,1,2,5.0
894,1.6279999999999992,2007,69000,2,2,5.0
895,4.619599999999997,2013,65461,2,1,5.0
896,3.6630333333333365,2014,33000,2,1,5.0
897,3.3326249999999997,2011,52000,2,1,5.0
898,8.322870000000002,2015,29215,2,1,5.0
899,1.997849999999999,2010,40000,2,2,5.0
900,4.3415,2017,290000,2,1,5.0
901,13.3708,2017,14519,2,1,7.0
902,3.418500000000003,2012,350000,2,1,5.0
903,11.709200000000012,2014,39000,2,1,7.0
904,7.597199999999997,2016,40130,2,1,7.0
905,28.402400000000004,2015,58000,1,1,7.0
906,17.94931428571428,2013,43000,1,1,5.0
907,4.410699999999997,2017,15500,2,1,5.0
908,3.43723333333333,2011,34948,2,1,5.0
909,3.4604999999999984,2006,98245,2,3,8.0
910,3.6394797619047647,2014,36390,2,1,5.0
911,2.461296428571428,2010,122000,2,1,5.0
912,5.203216666666665,2013,79003,2,1,5.0
913,14.445399999999998,2013,78830,1,2,5.0
914,3.7861388888888867,2011,53000,2,1,5.0
915,2.466200000000001,2009,53000,2,2,5.0
916,2.861191666666662,2011,82000,2,2,5.0
917,4.565499999999998,2013,95000,2,1,5.0
918,9.801999999999982,2017,18090,2,1,5.0
919,1.1910999999999994,2004,70332,2,3,5.0
920,7.0156750000000025,2018,46000,2,1,5.0
921,5.090500000000008,2015,63402,2,1,5.0
922,5.050549999999994,2017,13000,2,1,5.0
923,9.449900000000008,2010,65505,1,1,5.0
924,0.9695999999999989,2006,154000,2,3,5.0
925,2.4810666666666674,2008,85142,2,2,5.0
926,5.731533333333332,2016,45000,2,1,5.0
927,2.9328999999999996,2011,48000,2,1,5.0
928,4.579240476190474,2012,77800,2,1,5.0
929,6.210299999999994,2016,39549,2,1,5.0
930,12.142200000000004,2011,100922,1,2,5.0
931,16.90583333333334,2013,55000,1,1,5.0
932,13.065933333333337,2011,45000,1,2,5.0
933,27.06574999999997,2017,145000,1,1,5.0
934,4.1464,2011,45000,2,1,8.0
935,21.04565833333334,2012,44000,1,1,5.0
936,5.4577,2015,48000,2,1,5.0
937,8.261200000000004,2011,64139,2,1,7.0
938,8.1745,2019,11574,2,1,5.28454619787408
939,3.579099999999997,2013,14311,2,1,5.0
940,7.791589880952379,2016,20000,2,1,5.0
941,52.612699999999975,2018,18338,1,1,2.0
942,8.262400000000003,2019,17964,2,1,5.0
943,37.28829999999998,2012,55500,1,1,7.0
944,4.504500000000003,2008,130000,2,2,8.0
945,29.24886944444444,2016,50000,1,1,5.0
946,4.429032142857148,2015,49830,2,1,5.0
947,7.2287666666666714,2009,49000,1,1,5.0
948,4.010333333333332,2013,53967,2,1,5.0
949,2.791099999999998,2011,54000,2,1,5.0
950,5.472099999999998,2009,75000,1,1,5.0
951,4.398788095238096,2016,100000,2,1,5.0
952,13.600000000000017,2015,142000,2,1,8.0
953,2.8951999999999987,2012,83388,2,2,5.0
954,4.113711507936507,2012,62000,2,1,5.0
955,4.344999999999996,2016,61000,2,1,5.0
956,5.530816666666672,2011,45000,1,1,5.0
957,3.5900000000000016,2013,33000,2,1,5.0
958,12.6806,2014,113565,2,1,8.0
959,1.1925000000000014,2008,131000,2,1,5.0
960,10.814199999999998,2015,72253,2,1,7.0
961,5.2008666666666645,2016,46346,2,1,5.0
962,6.480708333333333,2016,37000,2,1,5.0
963,12.851200000000004,2019,56371,2,1,5.0
964,6.1002833333333255,2016,98500,2,1,5.0
965,3.6390000000000002,2015,71588,2,1,5.0
966,5.828999999999997,2014,68000,2,1,5.0
967,3.3950999999999967,2003,66800,1,2,5.0
968,6.024999999999998,2016,90000,2,1,5.0
969,3.0136666666666696,2013,54000,2,1,5.0
970,10.515200000000004,2011,87248,1,2,5.0
971,6.224500000000006,2017,9052,2,1,5.0
972,4.808016666666662,2014,67320,2,1,5.0
973,11.339400000000001,2018,28635,2,1,5.0
974,11.861300000000002,2016,78904,2,1,7.0
975,33.28125000000001,2018,16409,1,1,5.0
976,3.064499999999999,2012,61180,2,2,5.0
977,4.9125666666666685,2014,59577,2,2,5.0
978,11.6538,2016,24104,2,1,8.0
979,7.225333333333334,2008,69000,1,3,5.0
980,18.253026666666678,2015,35000,1,1,5.0
981,28.37235238095237,2014,75000,1,1,7.0
982,9.596500000000004,2014,98000,2,1,7.0
983,24.1615,2014,51843,1,3,5.0
984,9.728399999999997,2013,80000,2,2,5.0
985,5.9533,2009,110000,2,3,7.0
986,5.769375000000001,2015,75383,2,1,5.0
987,21.055008333333323,2017,31861,1,1,7.0
988,3.156008333333331,2011,57900,2,1,5.0
989,3.747100396825396,2014,48000,2,1,5.0
990,3.8273000000000024,2015,33544,2,1,5.0
991,6.445509523809525,2015,65000,2,1,5.0
992,13.045500000000002,2017,103189,2,1,8.0
993,8.211533333333334,2017,35007,2,1,5.0
994,3.4534,2010,98000,2,1,5.0
995,7.667199999999999,2017,25678,2,1,5.0
996,5.140599999999993,2015,65636,2,1,5.0
997,15.58861845238097,2015,21730,1,1,5.0
998,3.634115952380954,2013,46112,2,1,5.0
999,3.4696566666666677,2015,20000,2,1,5.0
1000,6.498499999999999,2013,67000,2,1,7.0
1001,51.78815999999999,2016,29000,1,1,5.0
1002,6.062,2014,86000,2,1,5.0
1003,3.5637666666666687,2013,34000,2,1,5.0
1004,15.452054166666668,2014,36000,1,1,5.0
1005,3.846073809523809,2013,49000,2,1,5.0
1006,11.6238511904762,2017,7000,2,1,5.0
1007,4.453273268398264,2014,60188,2,1,5.0
1008,2.893153333333334,2012,79000,2,1,5.0
1009,9.963716666666668,2012,115439,2,2,7.0
1010,3.8713999999999995,2011,104500,2,2,5.0
1011,21.819000000000003,2013,35000,1,1,5.0
1012,3.7817982142857147,2016,26186,2,1,5.0
1013,5.4701499999999985,2012,58061,2,1,5.0
1014,3.072041666666666,2011,62000,2,1,5.0
1015,3.9999999999999947,2013,118000,2,2,5.0
1016,2.7173000000000007,2009,65000,2,1,5.0
1017,3.150025,2008,44379,2,1,5.0
1018,5.797299999999996,2017,61041,2,1,5.0
1019,3.454983333333333,2011,73000,2,2,5.0
1020,10.55919999999999,2016,57297,1,1,5.0
1021,5.820458333333338,2015,28700,2,2,5.0
1022,5.623599999999995,2013,85264,2,1,5.0
1023,6.3456769047619055,2017,20000,1,1,5.0
1024,14.770433333333337,2017,11934,1,1,5.0
1025,2.3793333333333337,2010,83000,2,1,5.0
1026,4.898192857142857,2013,23000,2,1,5.0
1027,6.759839285714284,2017,14927,2,1,5.0
1028,1.5849999999999997,2007,158000,2,2,5.0
1029,2.133700000000001,2011,111000,2,3,5.0
1030,3.327800000000004,2011,63528,2,1,5.0
1031,5.027215151515153,2015,92000,2,1,5.0
1032,7.95409999999999,2017,41200,2,1,5.0
1033,9.121399999999998,2016,39052,2,1,7.0
1034,5.153916309523807,2014,55100,2,1,5.0
1035,2.5209000000000024,2011,76958,2,1,5.0
1036,4.932166666666666,2015,70419,2,1,5.0
1037,33.82703650793651,2017,21000,1,1,5.0
1038,14.655700000000003,2009,64000,1,1,4.0
1039,4.613250000000002,2011,63698,2,2,5.0
1040,7.7104000000000035,2016,62715,2,1,5.0
1041,5.6489500000000055,2013,37922,2,2,5.0
1042,6.084250000000001,2016,52000,2,1,5.0
1043,9.131999999999987,2013,47000,1,1,5.0
1044,3.7307333333333386,2009,64000,2,2,5.0
1045,2.0584999999999996,2007,109000,2,2,5.0
1046,4.286765476190475,2015,19000,2,1,5.0
1047,12.3303,2009,99000,1,2,5.0
1048,1.0354000000000014,2005,50000,2,2,5.0
1049,31.538,2013,105000,1,2,7.0
1050,3.237000000000001,2016,24000,2,1,5.0
1051,4.806999999999999,2017,23389,2,1,5.0
1052,3.2240999999999995,2009,90000,2,1,5.0
1053,14.590896666666676,2013,20000,1,1,5.0
1054,5.671916666666658,2014,62269,2,1,5.0
1055,5.6184416666666595,2015,69000,2,1,5.0
1056,23.537999999999997,2015,58898,1,1,5.0
1057,44.624600000000015,2018,29110,1,1,5.0
1058,14.338899999999994,2019,34649,1,1,5.0
1059,5.050549999999994,2017,13000,2,1,5.0
1060,4.510110714285713,2015,25043,2,1,5.0
1061,36.89309999999999,2018,36611,1,1,5.0
1062,2.7454999999999967,2008,150000,2,2,5.0
1063,7.236799999999996,2015,82000,2,1,5.0
1064,9.732072619047615,2017,45158,2,2,5.0
1065,20.55250000000001,2016,36968,1,1,5.0
1066,5.305400000000002,2015,53556,2,1,5.0
1067,20.191200000000002,2013,78500,1,1,5.0
1068,4.043000000000001,2017,133000,2,1,5.0
1069,7.169357380952383,2017,33186,2,1,5.0
1070,14.381271428571432,2012,65000,1,1,5.0
1071,6.395408333333329,2015,61903,2,1,5.0
1072,2.7263000000000024,2011,25000,2,1,5.0
1073,4.024399999999997,2007,64168,1,1,5.0
1074,6.281477976190476,2017,8044,2,1,5.0
1075,6.884833333333331,2017,18000,1,1,5.0
1076,4.730500000000004,2013,80000,2,1,5.0
1077,5.731533333333332,2016,45000,2,1,5.0
1078,6.718100000000001,2013,78835,2,2,8.0
1079,6.882100000000001,2017,30631,2,1,5.0
1080,6.204099999999993,2011,72573,2,1,8.0
1081,50.24489999999999,2016,10000,1,1,7.0
1082,3.878591666666669,2011,50215,2,1,5.0
1083,1.2545000000000002,2009,9999,2,1,4.0
1084,2.7718000000000007,2008,110000,2,2,5.0
1085,11.687499999999995,2013,81000,2,1,5.0
1086,5.77084761904762,2016,11000,2,1,6.0
1087,8.155999999999988,2017,59000,2,1,5.0
1088,4.542366666666668,2015,8300,2,1,5.0
1089,15.144491666666667,2016,40000,1,1,7.0
1090,4.256499999999997,2016,83500,2,1,5.0
1091,6.65681666666667,2017,22000,2,1,5.0
1092,7.722599999999996,2013,39000,2,1,7.0
1093,17.382066666666667,2013,90000,1,1,5.0
1094,4.471299999999994,2012,134487,2,1,5.0
1095,11.885813333333344,2014,65000,1,1,5.0
1096,10.286400000000015,2015,48000,2,1,7.0
1097,8.283525000000004,2011,60000,1,1,5.0
1098,19.917699999999993,2015,23742,1,1,5.0
1099,2.1109999999999998,2010,60268,2,1,5.0
1100,4.978200000000002,2016,70746,2,1,5.0
1101,8.816799999999995,2014,61000,1,1,5.0
1102,1.983699999999999,2007,102000,2,1,5.0
1103,25.06883809523809,2016,25000,1,2,5.0
1104,3.2424999999999984,2013,64000,2,1,5.0
1105,9.033350000000002,2010,78265,1,1,5.0
1106,1.2681000000000016,2006,76560,2,3,5.0
1107,6.3750333333333336,2017,10000,2,1,5.0
1108,10.525633333333333,2010,52000,1,1,5.0
1109,7.523050000000004,2018,45000,2,1,5.0
1110,5.871311904761906,2018,29562,2,1,5.0
1111,4.237346428571429,2014,32000,2,1,5.0
1112,5.465070714285715,2016,22003,2,1,5.0
1113,4.849250000000002,2017,2890,2,1,5.0
1114,33.328900000000026,2015,52000,1,1,7.0
1115,3.5622000000000003,2008,100000,2,2,5.0
1116,5.194218993506489,2013,60000,2,2,5.0
1117,2.3024333333333318,2010,6512,2,1,5.0
1118,1.9394666666666653,2008,39008,2,1,5.0
1119,1.5681416666666663,2003,136441,2,1,5.0
1120,3.091958333333334,2012,36200,2,1,5.0
1121,5.7219232142857175,2015,32506,2,1,5.0
1122,7.591224999999996,2016,67000,2,1,8.0
1123,3.515782182539682,2011,59800,2,2,5.0
1124,9.951199999999993,2015,63008,2,1,7.0
1125,27.166,2018,57804,1,1,5.0
1126,3.0556125000000027,2012,37212,2,1,5.0
1127,6.445509523809525,2015,65000,2,1,5.0
1128,2.099425,2009,61259,2,1,5.0
1129,13.939400000000001,2010,50000,1,2,5.0
1130,1.657199999999998,2006,183513,2,2,5.0
1131,12.108900000000006,2015,66000,2,1,7.0
1132,9.391280952380953,2012,78979,1,1,5.0
1133,4.905045634920634,2016,30010,2,1,5.0
1134,16.282891666666675,2016,27508,1,1,5.0
1135,16.582680952380944,2014,28000,1,1,5.0
1136,14.401283333333332,2014,45000,1,1,5.0
1137,14.130933333333333,2013,86107,1,1,5.0
1138,19.625825000000006,2015,49000,1,2,5.0
1139,17.972399999999986,2018,32746,1,1,5.0
1140,17.83056428571428,2013,42758,1,1,5.0
1141,16.86921666666667,2013,50000,1,1,5.0
1142,23.91689999999996,2016,90904,1,1,5.0
1143,3.3299999999999956,2012,52612,2,1,5.0
1144,4.850899999999996,2015,40000,2,1,5.0
1145,14.34859166666667,2012,80724,1,1,5.0
1146,2.0539999999999976,2009,62659,2,1,5.0
1147,6.966300000000001,2011,72734,1,2,5.0
1148,8.208000000000006,2015,15000,2,1,7.0
1149,20.64673333333334,2014,65475,1,1,5.0
1150,10.720000000000011,2012,71000,2,1,7.0
1151,41.231399999999994,2016,16000,1,1,5.0
1152,3.4917249999999997,2011,72329,2,1,5.0
1153,33.52326071428572,2016,49398,1,1,5.0
1154,6.167800000000004,2016,44147,2,1,5.0
1155,1.5160999999999996,2007,45000,2,1,5.0
1156,8.836500000000008,2011,75000,2,1,7.0
1157,13.14859999999998,2017,22574,1,1,5.0
1158,5.058999999999999,2016,26642,2,1,5.0
1159,11.766399999999997,2013,81304,2,1,5.0
1160,3.6679742857142874,2013,46000,2,1,5.0
1161,2.374241666666664,2007,99000,2,1,5.0
1162,2.8982583333333345,2012,36317,2,1,5.0
1163,3.79,2008,70000,2,1,5.0
1164,2.5423999999999984,2009,137711,2,1,5.0
1165,15.157725000000003,2018,18980,1,1,5.0
1166,3.831211111111113,2015,31293,2,1,5.0
1167,1.3126000000000004,2004,43000,2,2,5.0
1168,5.731533333333332,2016,45000,2,1,5.0
1169,2.831424999999998,2012,53000,2,1,5.0
1170,2.9259999999999966,2011,30000,2,1,5.0
1171,5.050549999999994,2017,13000,2,1,5.0
1172,4.682947023809525,2013,62000,2,1,5.0
1173,2.749975000000001,2012,35161,2,1,5.0
1174,2.2763999999999993,2006,75000,2,1,5.0
1175,30.173966666666665,2016,53590,1,1,4.0
1176,2.681000000000001,2008,71467,2,1,5.0
1177,4.547572380952381,2011,66287,2,1,5.0
1178,3.101199999999999,2012,85000,2,2,5.0
1179,17.1581,2012,147202,1,1,7.0
1180,4.527000000000004,2016,72566,2,1,5.0
1181,4.117916666666667,2015,190000,2,1,5.0
1182,9.125800000000003,2017,25348,2,1,5.0
1183,22.92630333333334,2014,54000,1,1,5.0
1184,6.035833333333337,2015,33000,2,1,5.0
1185,14.73579166666667,2011,58067,1,1,5.0
1186,16.587449999999993,2015,43020,1,1,5.0
1187,6.895658333333333,2014,27641,2,1,7.0
1188,5.151699999999998,2016,46372,2,1,5.0
1189,5.689899999999999,2016,27535,2,1,5.0
1190,26.846133333333338,2016,55615,1,1,5.0
1191,5.591665714285713,2017,19000,2,1,5.0
1192,2.3714166666666636,2010,47000,2,1,5.0
1193,5.075900000000008,2015,60595,2,1,5.0
1194,6.093499999999999,2013,170000,2,1,5.0
1195,6.597499999999997,2017,14301,2,1,5.0
1196,30.81249999999995,2015,42741,1,2,5.0
1197,26.94579999999998,2015,31000,1,2,5.0
1198,7.22628787878788,2017,11000,2,1,5.0
1199,11.679530357142857,2018,3800,1,1,5.0
1200,3.018816904761906,2009,44702,2,1,5.0
1201,28.402513333333328,2017,14300,1,1,5.0
1202,7.263299999999987,2018,31542,2,1,5.0
1203,23.251966666666675,2015,31717,1,1,5.0
1204,9.687900000000003,2011,99120,2,1,7.0
1205,10.371224999999999,2016,36000,2,1,5.0
1206,1.5261999999999991,2010,40000,2,1,5.0
1207,3.294072023809522,2014,41000,2,1,5.0
1208,1.5849999999999997,2007,160000,2,2,5.0
1209,8.653849999999988,2016,41413,2,1,5.0
1210,11.051633333333335,2011,67500,1,2,5.0
1211,4.942533333333328,2014,30315,2,1,5.0
1212,8.77935714285715,2017,39015,2,1,5.0
1213,7.546625000000005,2018,6000,2,1,5.0
1214,14.878795634920646,2014,21143,1,1,5.0
1215,3.5197499999999997,2013,42203,2,1,5.0
1216,4.8830999999999944,2017,21380,2,1,5.0
1217,5.286499999999998,2018,23955,2,1,5.0
1218,5.650899999999996,2013,38568,2,1,5.0
1219,8.344600000000003,2011,64000,1,1,5.0
1220,8.42049999999999,2014,57000,1,1,5.0
1221,7.3387250000000135,2017,44556,2,1,5.0
1222,13.399005952380955,2012,80000,1,1,5.0
1223,5.026106428571431,2015,39000,2,1,5.0
1224,7.29063333333333,2015,70000,2,1,5.0
1225,2.3854833333333336,2009,45463,2,1,5.0
1226,6.269221645021641,2015,44776,2,1,5.0
1227,31.064333333333348,2016,18242,1,1,5.0
1228,3.808637896825397,2015,21190,2,1,5.0
1229,4.345100000000001,2011,89411,2,1,5.0
1230,22.265900000000006,2015,59000,1,1,5.0
1231,2.6193999999999993,2012,28000,2,1,5.0
1232,17.47184119047619,2013,52262,1,3,5.0
1233,20.019924999999997,2014,72443,1,1,5.0
